x,y,Yield,D1,D2,D3,D4
0,0,3.94051989808288,0,1,1,1
2.5,0,4.15936197078898,0,1,1,1
5,0,4.10533571090582,0,1,1,1
7.5,0,4.26837178686929,0,1,1,1
10,0,4.31245503999663,1,1,0,0
12.5,0,4.26021165825359,1,1,0,0
15,0,3.99742568000488,1,1,0,0
17.5,0,4.26433594969599,1,1,0,0
20,0,4.19913802197121,1,1,0,0
22.5,0,4.28564664544712,1,1,0,0
25,0,4.18807312295809,0,1,1,1
27.5,0,3.96176854742608,0,1,1,1
30,0,4.02614278135534,0,1,1,1
32.5,0,4.04422065126323,0,1,1,1
0,2.5,3.89250037228075,0,1,1,1
2.5,2.5,4.05857686065712,0,1,1,1
5,2.5,4.10334362454893,0,1,1,1
7.5,2.5,4.12723835408418,0,1,1,1
10,2.5,4.24166974448201,1,1,0,0
12.5,2.5,4.35410996479433,1,1,0,0
15,2.5,4.09237651041237,1,1,0,0
17.5,2.5,4.26760653626358,1,1,0,0
20,2.5,4.14851182687618,1,1,0,0
22.5,2.5,4.16719622055446,1,1,0,0
25,2.5,4.19551768854075,0,1,1,1
27.5,2.5,4.06940469062025,0,1,1,1
30,2.5,4.12427620763103,0,1,1,1
32.5,2.5,3.96536519292717,0,1,1,1
0,5,3.89100644700494,0,1,1,1
2.5,5,4.03092305868577,0,1,1,1
5,5,4.22382143174365,0,1,1,1
7.5,5,4.324401703984,0,1,1,1
10,5,4.42640027018393,1,1,0,0
12.5,5,4.4986842733593,1,1,0,0
15,5,4.40513448073989,1,1,0,0
17.5,5,4.40288562997832,1,1,0,0
20,5,4.45325725535456,1,1,0,0
22.5,5,4.45030814837005,1,1,0,0
25,5,4.39584500823313,0,1,1,1
27.5,5,4.36908690597487,0,1,1,1
30,5,4.30078302443878,0,1,1,1
32.5,5,4.2911649459397,0,1,1,1
0,7.5,4.27070817675747,0,1,1,1
2.5,7.5,4.3176583604525,0,1,1,1
5,7.5,4.45915076468298,0,1,1,1
7.5,7.5,4.56029210424889,0,1,1,1
10,7.5,4.63753680418199,1,1,0,0
12.5,7.5,4.61202169199812,1,1,0,0
15,7.5,4.50397856864352,1,1,0,0
17.5,7.5,4.46123056427226,1,1,0,0
20,7.5,4.53099761707066,1,1,0,0
22.5,7.5,4.62820988433449,1,1,0,0
25,7.5,4.54386800898409,0,1,1,1
27.5,7.5,4.37903673370988,0,1,1,1
30,7.5,4.21617436679943,0,1,1,1
32.5,7.5,4.06947693770149,0,1,1,1
0,10,4.19225292899919,0,1,1,1
2.5,10,4.31134810949497,0,1,1,1
5,10,4.3014625727998,0,1,1,1
7.5,10,4.48792139447741,0,1,1,1
10,10,4.5786502802044,1,1,0,0
12.5,10,4.31824686961895,1,1,0,0
15,10,4.14559705610537,1,1,0,0
17.5,10,4.12564625338224,1,1,0,0
20,10,4.19796424676976,1,1,0,0
22.5,10,4.38759151389927,1,1,0,0
25,10,4.34012277174752,0,1,1,1
27.5,10,3.84487404696835,0,1,1,1
30,10,3.70494796420278,0,1,1,1
32.5,10,3.6162783938573,0,1,1,1
0,12.5,4.01938938647537,0,1,1,1
2.5,12.5,4.09638684635525,0,1,1,1
5,12.5,4.18268688302595,0,1,1,1
7.5,12.5,4.33619925889352,0,1,1,1
10,12.5,4.39229844421144,1,1,0,0
12.5,12.5,4.19888850132869,1,1,0,0
15,12.5,3.94662634535805,1,1,0,0
17.5,12.5,3.92006616693813,1,1,0,0
20,12.5,4.1174116834212,1,1,0,0
22.5,12.5,4.41954480643369,1,1,0,0
25,12.5,4.38562484169273,0,1,1,1
27.5,12.5,4.03551988948792,0,1,1,1
30,12.5,3.70510587330743,0,1,1,1
32.5,12.5,3.73145584065135,0,1,1,1
0,15,4.1969007346491,0,1,1,1
2.5,15,4.23028200083814,0,1,1,1
5,15,4.38778151012301,0,1,1,1
7.5,15,4.58269255775617,0,1,1,1
10,15,4.65598539855347,1,1,0,0
12.5,15,4.55020385686935,1,1,0,0
15,15,4.34622803920246,1,1,0,0
17.5,15,4.17180542538767,1,1,0,0
20,15,4.42475783718417,1,1,0,0
22.5,15,4.62686713469527,1,1,0,0
25,15,4.61130900281269,0,1,1,1
27.5,15,4.37439242271343,0,1,1,1
30,15,4.2593849326807,0,1,1,1
32.5,15,4.2982143880794,0,1,1,1
0,17.5,4.36320927554157,0,1,1,1
2.5,17.5,4.33160541179566,0,1,1,1
5,17.5,4.45571213697826,0,1,1,1
7.5,17.5,4.64285532284077,0,1,1,1
10,17.5,4.73180537190523,1,1,0,0
12.5,17.5,4.57982541525032,1,1,0,0
15,17.5,4.39757102895364,1,1,0,0
17.5,17.5,4.21339551884681,1,1,0,0
20,17.5,4.44618479397009,1,1,0,0
22.5,17.5,4.64024953142093,1,1,0,0
25,17.5,4.66045900324003,0,1,1,1
27.5,17.5,4.42863081923275,0,1,1,1
30,17.5,4.41339691069455,0,1,1,1
32.5,17.5,4.40580759869458,0,1,1,1
0,20,4.38801039114268,0,1,1,1
2.5,20,4.46527350414407,0,1,1,1
5,20,4.46338694194089,0,1,1,1
7.5,20,4.62793451364263,0,1,1,1
10,20,4.64953123794821,1,1,0,0
12.5,20,4.61517800828613,1,1,0,0
15,20,4.32473651874959,1,1,0,0
17.5,20,4.29450324472057,1,1,0,0
20,20,4.384478787748,1,1,0,0
22.5,20,4.62092194881664,1,1,0,0
25,20,4.59671500436288,0,1,1,1
27.5,20,4.5229066458728,0,1,1,1
30,20,4.351722858459,0,1,1,1
32.5,20,4.38352644422495,0,1,1,1
0,22.5,4.34728755884347,0,1,1,1
2.5,22.5,4.37471467515785,0,1,1,1
5,22.5,4.47641023241313,0,1,1,1
7.5,22.5,4.64036225391673,0,1,1,1
10,22.5,4.62078132474585,1,1,0,0
12.5,22.5,4.60669740810332,1,1,0,0
15,22.5,4.38811058823013,1,1,0,0
17.5,22.5,4.30133117952803,1,1,0,0
20,22.5,4.48424317548308,1,1,0,0
22.5,22.5,4.64534296507914,1,1,0,0
25,22.5,4.61336670149906,0,1,1,1
27.5,22.5,4.44269562772072,0,1,1,1
30,22.5,4.34581349707708,0,1,1,1
32.5,22.5,4.32941647836747,0,1,1,1
0,25,4.29174147725301,0,1,1,1
2.5,25,4.32939278583615,0,1,1,1
5,25,4.48723018280455,0,1,1,1
7.5,25,4.63777762209875,0,1,1,1
10,25,4.67856261058944,1,1,0,0
12.5,25,4.55459596977548,1,1,0,0
15,25,4.32079416774524,1,1,0,0
17.5,25,4.21598610879516,1,1,0,0
20,25,4.34943004360209,1,1,0,0
22.5,25,4.63637831764862,1,1,0,0
25,25,4.57598834752045,0,1,1,1
27.5,25,4.42680345029083,0,1,1,1
30,25,4.30309749726117,0,1,1,1
32.5,25,4.2654102326107,0,1,1,1
0,27.5,4.26937493196395,0,1,1,1
2.5,27.5,4.29945667371457,0,1,1,1
5,27.5,4.48961237784664,0,1,1,1
7.5,27.5,4.6597204967806,0,1,1,1
10,27.5,4.71557111081459,1,1,0,0
12.5,27.5,4.58695236087349,1,1,0,0
15,27.5,4.40822479446184,1,1,0,0
17.5,27.5,4.28393314845183,1,1,0,0
20,27.5,4.42477845542631,1,1,0,0
22.5,27.5,4.68296990244975,1,1,0,0
25,27.5,4.61387690851681,0,1,1,1
27.5,27.5,4.37498815928779,0,1,1,1
30,27.5,4.24557859655079,0,1,1,1
32.5,27.5,4.25262395745234,0,1,1,1
0,30,4.27672510994657,0,1,1,1
2.5,30,4.40719919865503,0,1,1,1
5,30,4.49135245282913,0,1,1,1
7.5,30,4.64259275614615,0,1,1,1
10,30,4.67666779127059,1,1,0,0
12.5,30,4.56862120617221,1,1,0,0
15,30,4.29588968739972,1,1,0,0
17.5,30,4.26223796147725,1,1,0,0
20,30,4.43584414444184,1,1,0,0
22.5,30,4.65723756708749,1,1,0,0
25,30,4.62389818615469,0,1,1,1
27.5,30,4.42161168117291,0,1,1,1
30,30,4.31308899766285,0,1,1,1
32.5,30,4.28420242472071,0,1,1,1
0,32.5,4.3429496204728,0,1,1,1
2.5,32.5,4.46518681232908,0,1,1,1
5,32.5,4.50508216452796,0,1,1,1
7.5,32.5,4.68054413609996,0,1,1,1
10,32.5,4.73251259973377,1,1,0,0
12.5,32.5,4.61192029690441,1,1,0,0
15,32.5,4.29664406906658,1,1,0,0
17.5,32.5,4.34172014316853,1,1,0,0
20,32.5,4.47069831301,1,1,0,0
22.5,32.5,4.67440968982776,1,1,0,0
25,32.5,4.61864795353756,0,1,1,1
27.5,32.5,4.3939847069067,0,1,1,1
30,32.5,4.29516374318423,0,1,1,1
32.5,32.5,4.28656341225018,0,1,1,1
0,35,4.36138088810457,0,1,1,1
2.5,35,4.39116640686745,0,1,1,1
5,35,4.50173936851137,0,1,1,1
7.5,35,4.65071585153616,0,1,1,1
10,35,4.68166787562976,1,1,0,0
12.5,35,4.54025099374854,1,1,0,0
15,35,4.36158781309122,1,1,0,0
17.5,35,4.33872806582524,1,1,0,0
20,35,4.47008027535353,1,1,0,0
22.5,35,4.68664531938581,1,1,0,0
25,35,4.60355295223056,0,1,1,1
27.5,35,4.39069788314936,0,1,1,1
30,35,4.3414466964514,0,1,1,1
32.5,35,4.25503419836292,0,1,1,1
0,37.5,4.39963975609547,0,1,1,1
2.5,37.5,4.412903389929,0,1,1,1
5,37.5,4.4938604304693,0,1,1,1
7.5,37.5,4.69712861307779,0,1,1,1
10,37.5,4.69943456594982,1,1,0,0
12.5,37.5,4.54615407732073,1,1,0,0
15,37.5,4.34728629622619,1,1,0,0
17.5,37.5,4.34432741324335,1,1,0,0
20,37.5,4.49889641292181,1,1,0,0
22.5,37.5,4.72130376785402,1,1,0,0
25,37.5,4.57745283259677,0,1,1,1
27.5,37.5,4.45332227766864,0,1,1,1
30,37.5,4.33105489704654,0,1,1,1
32.5,37.5,4.36021135198671,0,1,1,1
0,40,4.37578542763657,0,1,1,0
2.5,40,4.47378632206856,0,1,1,0
5,40,4.47426198671416,0,1,1,0
7.5,40,4.66825179705158,0,1,1,0
10,40,4.7180505891236,1,1,0,1
12.5,40,4.54388715665078,1,1,0,1
15,40,4.31267526134338,1,1,0,1
17.5,40,4.3217632487854,1,1,0,1
20,40,4.43550340413091,1,1,0,1
22.5,40,4.67479532754964,1,1,0,1
25,40,4.60639735069033,0,1,1,0
27.5,40,4.42035667188232,0,1,1,0
30,40,4.32904103679352,0,1,1,0
32.5,40,4.31655838402918,0,1,1,0
0,42.5,4.3058943724693,0,1,1,0
2.5,42.5,4.38568906148235,0,1,1,0
5,42.5,4.41299767394826,0,1,1,0
7.5,42.5,4.67016273060526,0,1,1,0
10,42.5,4.68138099341177,1,1,0,1
12.5,42.5,4.52500676767663,1,1,0,1
15,42.5,4.33896742074069,1,1,0,1
17.5,42.5,4.29845036603218,1,1,0,1
20,42.5,4.4353477175263,1,1,0,1
22.5,42.5,4.65980727455836,1,1,0,1
25,42.5,4.63768630704849,0,1,1,0
27.5,42.5,4.44802257146748,0,1,1,0
30,42.5,4.36778099404083,0,1,1,0
32.5,42.5,4.31380997717289,0,1,1,0
0,45,4.34647060000767,0,1,1,0
2.5,45,4.32022494613369,0,1,1,0
5,45,4.43046678076872,0,1,1,0
7.5,45,4.63636551830317,0,1,1,0
10,45,4.63315325765524,1,1,0,1
12.5,45,4.54887046066117,1,1,0,1
15,45,4.32916957523321,1,1,0,1
17.5,45,4.34413975402662,1,1,0,1
20,45,4.47026598054634,1,1,0,1
22.5,45,4.66696575880485,1,1,0,1
25,45,4.61729828184007,0,1,1,0
27.5,45,4.47769274888001,0,1,1,0
30,45,4.3631776137834,0,1,1,0
32.5,45,4.32850380582164,0,1,1,0
0,47.5,4.21650416584032,0,1,1,0
2.5,47.5,4.26428459064909,0,1,1,0
5,47.5,4.34185144276983,0,1,1,0
7.5,47.5,4.56206228487222,0,1,1,0
10,47.5,4.61173766380599,1,1,0,1
12.5,47.5,4.45515869210247,1,1,0,1
15,47.5,4.26136625938544,1,1,0,1
17.5,47.5,4.10002828950627,1,1,0,1
20,47.5,4.34781080876002,1,1,0,1
22.5,47.5,4.56779731719073,1,1,0,1
25,47.5,4.55680694228645,0,1,1,0
27.5,47.5,4.34070269281802,0,1,1,0
30,47.5,4.18775444972558,0,1,1,0
32.5,47.5,4.1826726047538,0,1,1,0
0,50,3.91740283355319,0,1,1,0
2.5,50,4.11913190708543,0,1,1,0
5,50,4.19155737683395,0,1,1,0
7.5,50,4.41600685886399,0,1,1,0
10,50,4.46759240205158,1,1,0,1
12.5,50,4.22186799086751,1,1,0,1
15,50,3.99855177424288,1,1,0,1
17.5,50,3.89089652997381,1,1,0,1
20,50,4.11689181367052,1,1,0,1
22.5,50,4.47508315274944,1,1,0,1
25,50,4.46821216320082,0,1,1,0
27.5,50,4.23722109739798,0,1,1,0
30,50,4.20746485378142,0,1,1,0
32.5,50,4.08610447120918,0,1,1,0
0,52.5,4.04226883352589,0,1,1,0
2.5,52.5,4.23222988122934,0,1,1,0
5,52.5,4.35957222431517,0,1,1,0
7.5,52.5,4.50840213799563,0,1,1,0
10,52.5,4.51529874531767,1,1,0,1
12.5,52.5,4.3845059362951,1,1,0,1
15,52.5,4.01311582930268,1,1,0,1
17.5,52.5,3.95182518841596,1,1,0,1
20,52.5,4.06926098608842,1,1,0,1
22.5,52.5,4.4324068092025,1,1,0,1
25,52.5,4.4351296794675,0,1,1,0
27.5,52.5,4.17158727337472,0,1,1,0
30,52.5,4.24888004693461,0,1,1,0
32.5,52.5,4.16756932464773,0,1,1,0
0,55,4.16526573443062,0,1,1,0
2.5,55,4.26904395029672,0,1,1,0
5,55,4.40662361274829,0,1,1,0
7.5,55,4.59713104726824,0,1,1,0
10,55,4.67404458160402,1,1,0,1
12.5,55,4.48057011937066,1,1,0,1
15,55,4.2436471018538,1,1,0,1
17.5,55,4.03373604152667,1,1,0,1
20,55,4.26712299004051,1,1,0,1
22.5,55,4.50731913368194,1,1,0,1
25,55,4.52743159503173,0,1,1,0
27.5,55,4.32502461528991,0,1,1,0
30,55,4.28926990307509,0,1,1,0
32.5,55,4.20023293157517,0,1,1,0
0,57.5,4.3862542561571,0,1,1,0
2.5,57.5,4.46956033423191,0,1,1,0
5,57.5,4.50138050958607,0,1,1,0
7.5,57.5,4.73349082401222,0,1,1,0
10,57.5,4.76718405978125,1,1,0,1
12.5,57.5,4.5541176528356,1,1,0,1
15,57.5,4.45052014440568,1,1,0,1
17.5,57.5,4.29273567314689,1,1,0,1
20,57.5,4.458049259383,1,1,0,1
22.5,57.5,4.60052665030225,1,1,0,1
25,57.5,4.58398107091214,0,1,1,0
27.5,57.5,4.48930397074792,0,1,1,0
30,57.5,4.33768511598627,0,1,1,0
32.5,57.5,4.2491826919948,0,1,1,0
0,60,4.34718811521683,0,1,1,0
2.5,60,4.45941753965697,0,1,1,0
5,60,4.51017516246482,0,1,1,0
7.5,60,4.70092583902469,0,1,1,0
10,60,4.80022531901764,1,1,0,1
12.5,60,4.59899177540374,1,1,0,1
15,60,4.38626454260245,1,1,0,1
17.5,60,4.35898406531429,1,1,0,1
20,60,4.4799846578735,1,1,0,1
22.5,60,4.6475232115366,1,1,0,1
25,60,4.61645311919218,0,1,1,0
27.5,60,4.50785407028942,0,1,1,0
30,60,4.35721384034121,0,1,1,0
32.5,60,4.27710138630115,0,1,1,0
0,62.5,4.07585577988913,0,1,1,0
2.5,62.5,4.29234488910308,0,1,1,0
5,62.5,4.39688029062518,0,1,1,0
7.5,62.5,4.61927141728146,0,1,1,0
10,62.5,4.62809853828409,1,1,0,1
12.5,62.5,4.45581494036825,1,1,0,1
15,62.5,4.2523251587412,1,1,0,1
17.5,62.5,4.21627356751329,1,1,0,1
20,62.5,4.34985584452881,1,1,0,1
22.5,62.5,4.45278093340556,1,1,0,1
25,62.5,4.45465088858145,0,1,1,0
27.5,62.5,4.21183816991672,0,1,1,0
30,62.5,4.06183187624792,0,1,1,0
32.5,62.5,3.9520979403409,0,1,1,0
0,65,4.15669422648136,0,1,1,0
2.5,65,4.19362345628649,0,1,1,0
5,65,4.28676489036894,0,1,1,0
7.5,65,4.56487519073462,0,1,1,0
10,65,4.63282833595853,1,1,0,1
12.5,65,4.5058379110342,1,1,0,1
15,65,4.18139663169035,1,1,0,1
17.5,65,4.14192312491393,1,1,0,1
20,65,4.33841970595582,1,1,0,1
22.5,65,4.54204234960658,1,1,0,1
25,65,4.44647254898819,0,1,1,0
27.5,65,4.20062883691926,0,1,1,0
30,65,4.04950954575629,0,1,1,0
32.5,65,4.05154460564279,0,1,1,0
0,67.5,4.41740070521953,0,1,1,0
2.5,67.5,4.33514446797237,0,1,1,0
5,67.5,4.49714501425929,0,1,1,0
7.5,67.5,4.65871567696411,0,1,1,0
10,67.5,4.79569225718377,1,1,0,1
12.5,67.5,4.58716873559124,1,1,0,1
15,67.5,4.46376542644414,1,1,0,1
17.5,67.5,4.39241543273308,1,1,0,1
20,67.5,4.47487547048136,1,1,0,1
22.5,67.5,4.74699039327588,1,1,0,1
25,67.5,4.62700925687966,0,1,1,0
27.5,67.5,4.45584466426583,0,1,1,0
30,67.5,4.35823432422713,0,1,1,0
32.5,67.5,4.32724186814046,0,1,1,0
0,70,4.35717808510724,0,1,1,0
2.5,70,4.28766978941418,0,1,1,0
5,70,4.42893668316286,0,1,1,0
7.5,70,4.6052996784109,0,1,1,0
10,70,4.85391148731705,1,1,0,1
12.5,70,4.58821280601246,1,1,0,1
15,70,4.44654419725289,1,1,0,1
17.5,70,4.43359045124515,1,1,0,1
20,70,4.49272117456935,1,1,0,1
22.5,70,4.73379036972897,1,1,0,1
25,70,4.66805931126709,0,1,1,0
27.5,70,4.49323888538753,0,1,1,0
30,70,4.32754274976246,0,1,1,0
32.5,70,4.37676829276832,0,1,1,0
0,72.5,4.42647576846865,0,1,1,0
2.5,72.5,4.32510538084074,0,1,1,0
5,72.5,4.46587141088377,0,1,1,0
7.5,72.5,4.73932550877474,0,1,1,0
10,72.5,4.79788578379355,1,1,0,1
12.5,72.5,4.56311744409932,1,1,0,1
15,72.5,4.44802605192057,1,1,0,1
17.5,72.5,4.40328660438117,1,1,0,1
20,72.5,4.4969644255893,1,1,0,1
22.5,72.5,4.87130686560791,1,1,0,1
25,72.5,4.71169505486354,0,1,1,0
27.5,72.5,4.44567266017655,0,1,1,0
30,72.5,4.40554205504475,0,1,1,0
32.5,72.5,4.35528488554816,0,1,1,0
0,75,4.47488164067734,0,1,1,0
2.5,75,4.40872934400994,0,1,1,0
5,75,4.50339933797574,0,1,1,0
7.5,75,4.69312302459689,0,1,1,0
10,75,4.83423745866364,1,1,0,1
12.5,75,4.56192180794415,1,1,0,1
15,75,4.43157812953118,1,1,0,1
17.5,75,4.35257431996283,1,1,0,1
20,75,4.50456324078762,1,1,0,1
22.5,75,4.87878861563912,1,1,0,1
25,75,4.65223279299825,0,1,1,0
27.5,75,4.49808018276903,0,1,1,0
30,75,4.37031935962232,0,1,1,0
32.5,75,4.34247253986266,0,1,1,0
0,77.5,4.3879538896852,0,1,1,0
2.5,77.5,4.35164204352705,0,1,1,0
5,77.5,4.506893783201,0,1,1,0
7.5,77.5,4.68315477806181,0,1,1,0
10,77.5,4.82659362100269,1,1,0,1
12.5,77.5,4.53295864355825,1,1,0,1
15,77.5,4.40947509039758,1,1,0,1
17.5,77.5,4.4270101614106,1,1,0,1
20,77.5,4.51548579816593,1,1,0,1
22.5,77.5,4.84407210928219,1,1,0,1
25,77.5,4.6749062280193,0,1,1,0
27.5,77.5,4.51941440663259,0,1,1,0
30,77.5,4.36076621620656,0,1,1,0
32.5,77.5,4.39158380250326,0,1,1,0
0,80,4.37401849091598,0,1,1,1
2.5,80,4.37393486710508,0,1,1,1
5,80,4.44229453529464,0,1,1,1
7.5,80,4.66495757386119,0,1,1,1
10,80,4.76669707879545,1,1,0,0
12.5,80,4.57644474374342,1,1,0,0
15,80,4.43440351178296,1,1,0,0
17.5,80,4.39183078418401,1,1,0,0
20,80,4.51204806606026,1,1,0,0
22.5,80,4.80639836979568,1,1,0,0
25,80,4.69490351726792,0,1,1,1
27.5,80,4.46502177921709,0,1,1,1
30,80,4.31913442358901,0,1,1,1
32.5,80,4.34950523722921,0,1,1,1
0,82.5,4.39843551009036,0,1,1,1
2.5,82.5,4.38847119897629,0,1,1,1
5,82.5,4.51780239355066,0,1,1,1
7.5,82.5,4.72688471804769,0,1,1,1
10,82.5,4.80037514346238,1,1,0,0
12.5,82.5,4.61748688579523,1,1,0,0
15,82.5,4.39546139957206,1,1,0,0
17.5,82.5,4.40635898946618,1,1,0,0
20,82.5,4.50765453339181,1,1,0,0
22.5,82.5,4.82474820890682,1,1,0,0
25,82.5,4.67879776419742,0,1,1,1
27.5,82.5,4.49505750409818,0,1,1,1
30,82.5,4.41728713105434,0,1,1,1
32.5,82.5,4.37481394952301,0,1,1,1
0,85,4.42007868048602,0,1,1,1
2.5,85,4.42943614451917,0,1,1,1
5,85,4.48770348953431,0,1,1,1
7.5,85,4.71742361179058,0,1,1,1
10,85,4.88497469646471,1,1,0,0
12.5,85,4.58712181514101,1,1,0,0
15,85,4.42720480593198,1,1,0,0
17.5,85,4.32136667582392,1,1,0,0
20,85,4.50984939287858,1,1,0,0
22.5,85,4.78023081270305,1,1,0,0
25,85,4.69522700868411,0,1,1,1
27.5,85,4.53246364076618,0,1,1,1
30,85,4.35629591386378,0,1,1,1
32.5,85,4.35583387951461,0,1,1,1
0,87.5,4.41623892494967,0,1,1,1
2.5,87.5,4.45674369743106,0,1,1,1
5,87.5,4.51142078935465,0,1,1,1
7.5,87.5,4.70772919640647,0,1,1,1
10,87.5,4.84175813644147,1,1,0,0
12.5,87.5,4.57265934831218,1,1,0,0
15,87.5,4.43102227330935,1,1,0,0
17.5,87.5,4.41507058054997,1,1,0,0
20,87.5,4.52876858034232,1,1,0,0
22.5,87.5,4.803404717949,1,1,0,0
25,87.5,4.7133014574629,0,1,1,1
27.5,87.5,4.52091492135207,0,1,1,1
30,87.5,4.32790624805837,0,1,1,1
32.5,87.5,4.35451621665527,0,1,1,1
0,90,4.41427330424789,0,1,1,1
2.5,90,4.46243023402368,0,1,1,1
5,90,4.47908505344093,0,1,1,1
7.5,90,4.74856739160461,0,1,1,1
10,90,4.80289358740564,1,1,0,0
12.5,90,4.60183871114573,1,1,0,0
15,90,4.36594142675831,1,1,0,0
17.5,90,4.36752410765889,1,1,0,0
20,90,4.50547691728553,1,1,0,0
22.5,90,4.81422918568631,1,1,0,0
25,90,4.73230646489432,0,1,1,1
27.5,90,4.45004648254697,0,1,1,1
30,90,4.43886198556878,0,1,1,1
32.5,90,4.34337693307422,0,1,1,1
0,92.5,4.40897923202875,0,1,1,1
2.5,92.5,4.48324048029077,0,1,1,1
5,92.5,4.58301386395208,0,1,1,1
7.5,92.5,4.74275736576656,0,1,1,1
10,92.5,4.89672088331077,1,1,0,0
12.5,92.5,4.61401684835689,1,1,0,0
15,92.5,4.49235938423299,1,1,0,0
17.5,92.5,4.43980466942449,1,1,0,0
20,92.5,4.47212905419663,1,1,0,0
22.5,92.5,4.81658644240501,1,1,0,0
25,92.5,4.71412937163621,0,1,1,1
27.5,92.5,4.47634444920654,0,1,1,1
30,92.5,4.41463040574459,0,1,1,1
32.5,92.5,4.43237291153871,0,1,1,1
0,95,4.39045114856683,0,1,1,1
2.5,95,4.45837707369286,0,1,1,1
5,95,4.53138341775262,0,1,1,1
7.5,95,4.71953228912221,0,1,1,1
10,95,4.85598730067318,1,1,0,0
12.5,95,4.58398312736362,1,1,0,0
15,95,4.41717102853357,1,1,0,0
17.5,95,4.37940809804936,1,1,0,0
20,95,4.50332035853587,1,1,0,0
22.5,95,4.75532074917381,1,1,0,0
25,95,4.72436010185295,0,1,1,1
27.5,95,4.59399166893864,0,1,1,1
30,95,4.39417897206441,0,1,1,1
32.5,95,4.37918680739619,0,1,1,1
0,97.5,4.40346702504691,0,1,1,1
2.5,97.5,4.43168120968553,0,1,1,1
5,97.5,4.52935462167987,0,1,1,1
7.5,97.5,4.73545131734487,0,1,1,1
10,97.5,4.84199084378768,1,1,0,0
12.5,97.5,4.55494690529343,1,1,0,0
15,97.5,4.42600631407248,1,1,0,0
17.5,97.5,4.44513370608756,1,1,0,0
20,97.5,4.40375314895423,1,1,0,0
22.5,97.5,4.78397883996082,1,1,0,0
25,97.5,4.66992559275436,0,1,1,1
27.5,97.5,4.50765581528202,0,1,1,1
30,97.5,4.34631332127816,0,1,1,1
32.5,97.5,4.32800138763027,0,1,1,1
0,100,4.32645655737502,0,1,1,1
2.5,100,4.42382759343979,0,1,1,1
5,100,4.54032938890087,0,1,1,1
7.5,100,4.75235371879606,0,1,1,1
10,100,4.78288158239188,1,1,0,0
12.5,100,4.59306456018089,1,1,0,0
15,100,4.39184189408839,1,1,0,0
17.5,100,4.32984630211689,1,1,0,0
20,100,4.36133480645796,1,1,0,0
22.5,100,4.69376893679223,1,1,0,0
25,100,4.65198700812358,0,1,1,1
27.5,100,4.50558578783213,0,1,1,1
30,100,4.43757605403324,0,1,1,1
32.5,100,4.38962251641962,0,1,1,1
0,102.5,4.38165195680458,0,1,1,1
2.5,102.5,4.43402287855754,0,1,1,1
5,102.5,4.55490553286573,0,1,1,1
7.5,102.5,4.72944389338267,0,1,1,1
10,102.5,4.84145468363112,1,1,0,0
12.5,102.5,4.6072316975858,1,1,0,0
15,102.5,4.39272066496494,1,1,0,0
17.5,102.5,4.30431116731915,1,1,0,0
20,102.5,4.44726176988503,1,1,0,0
22.5,102.5,4.67442968560966,1,1,0,0
25,102.5,4.62565463528632,0,1,1,1
27.5,102.5,4.50145800110935,0,1,1,1
30,102.5,4.41778202452797,0,1,1,1
32.5,102.5,4.3618827282682,0,1,1,1
0,105,4.44873710319079,0,1,1,1
2.5,105,4.45508604138591,0,1,1,1
5,105,4.54390092657761,0,1,1,1
7.5,105,4.68892682716118,0,1,1,1
10,105,4.78885430705232,1,1,0,0
12.5,105,4.6381222464405,1,1,0,0
15,105,4.41433135179601,1,1,0,0
17.5,105,4.32636079223268,1,1,0,0
20,105,4.45772998547581,1,1,0,0
22.5,105,4.73301792393333,1,1,0,0
25,105,4.67606215495503,0,1,1,1
27.5,105,4.47447424740133,0,1,1,1
30,105,4.34522121666595,0,1,1,1
32.5,105,4.31902794600459,0,1,1,1
0,107.5,4.38113603251277,0,1,1,1
2.5,107.5,4.3867606461268,0,1,1,1
5,107.5,4.55023031751345,0,1,1,1
7.5,107.5,4.69325943342579,0,1,1,1
10,107.5,4.82460054856599,1,1,0,0
12.5,107.5,4.62331460730693,1,1,0,0
15,107.5,4.31459283902578,1,1,0,0
17.5,107.5,4.39309019663428,1,1,0,0
20,107.5,4.47333756962687,1,1,0,0
22.5,107.5,4.77488830876542,1,1,0,0
25,107.5,4.71476780616241,0,1,1,1
27.5,107.5,4.55144611912193,0,1,1,1
30,107.5,4.43571477194865,0,1,1,1
32.5,107.5,4.39244727866166,0,1,1,1
0,110,4.41821210902873,0,1,1,1
2.5,110,4.43439332768102,0,1,1,1
5,110,4.54431145125289,0,1,1,1
7.5,110,4.72784919431987,0,1,1,1
10,110,4.81930898551212,1,1,0,0
12.5,110,4.63104157940109,1,1,0,0
15,110,4.35318905853252,1,1,0,0
17.5,110,4.39338428954639,1,1,0,0
20,110,4.44512102103569,1,1,0,0
22.5,110,4.70653536932224,1,1,0,0
25,110,4.6736297352806,0,1,1,1
27.5,110,4.46708167322513,0,1,1,1
30,110,4.40607344517052,0,1,1,1
32.5,110,4.29482279877853,0,1,1,1
0,112.5,4.42715627532371,0,1,1,1
2.5,112.5,4.44764240281784,0,1,1,1
5,112.5,4.53527004173011,0,1,1,1
7.5,112.5,4.70996859249532,0,1,1,1
10,112.5,4.8293846484317,1,1,0,0
12.5,112.5,4.59305310104794,1,1,0,0
15,112.5,4.37632153251162,1,1,0,0
17.5,112.5,4.25501090583036,1,1,0,0
20,112.5,4.474480869024,1,1,0,0
22.5,112.5,4.73789931703875,1,1,0,0
25,112.5,4.70408705766767,0,1,1,1
27.5,112.5,4.42958577532014,0,1,1,1
30,112.5,4.35940869602585,0,1,1,1
32.5,112.5,4.30685235020929,0,1,1,1
0,115,4.39983215320651,0,1,1,1
2.5,115,4.42291225174401,0,1,1,1
5,115,4.50615107857783,0,1,1,1
7.5,115,4.67411881469364,0,1,1,1
10,115,4.8438107011664,1,1,0,0
12.5,115,4.59942711578053,1,1,0,0
15,115,4.3169462459639,1,1,0,0
17.5,115,4.36088041072408,1,1,0,0
20,115,4.35755887634607,1,1,0,0
22.5,115,4.69560388216552,1,1,0,0
25,115,4.71916596245449,0,1,1,1
27.5,115,4.49722941050368,0,1,1,1
30,115,4.34952586599131,0,1,1,1
32.5,115,4.32563625271456,0,1,1,1
0,117.5,4.40714532093772,0,1,1,1
2.5,117.5,4.43116376074709,0,1,1,1
5,117.5,4.51393969727374,0,1,1,1
7.5,117.5,4.71778495421067,0,1,1,1
10,117.5,4.88291391536677,1,1,0,0
12.5,117.5,4.60035795799401,1,1,0,0
15,117.5,4.40154451009954,1,1,0,0
17.5,117.5,4.33992119382058,1,1,0,0
20,117.5,4.41716071077182,1,1,0,0
22.5,117.5,4.74256314980769,1,1,0,0
25,117.5,4.7169114661271,0,1,1,1
27.5,117.5,4.53142106817344,0,1,1,1
30,117.5,4.40671615022395,0,1,1,1
32.5,117.5,4.35305962958469,0,1,1,1
0,120,4.38366009526268,0,0,0,0
2.5,120,4.47834653000123,0,0,0,0
5,120,4.49429583951004,0,0,0,0
7.5,120,4.70297823234987,0,0,0,0
10,120,4.71676946702153,1,0,1,1
12.5,120,4.57840886496762,1,0,1,1
15,120,4.3063591644286,1,0,1,1
17.5,120,4.35901664484094,1,0,1,1
20,120,4.3544889077458,1,0,1,1
22.5,120,4.65277608433119,1,0,1,1
25,120,4.65803330450355,0,0,0,0
27.5,120,4.45840197982152,0,0,0,0
30,120,4.31141722215236,0,0,0,0
32.5,120,4.1354121311467,0,0,0,0
0,122.5,4.37037379574461,0,0,0,0
2.5,122.5,4.47478865077581,0,0,0,0
5,122.5,4.50107485760888,0,0,0,0
7.5,122.5,4.72105512135173,0,0,0,0
10,122.5,4.78363178087302,1,0,1,1
12.5,122.5,4.61033481921445,1,0,1,1
15,122.5,4.38819386246789,1,0,1,1
17.5,122.5,4.24828312847323,1,0,1,1
20,122.5,4.40708038985541,1,0,1,1
22.5,122.5,4.63340493987965,1,0,1,1
25,122.5,4.68775309585445,0,0,0,0
27.5,122.5,4.3911659582807,0,0,0,0
30,122.5,4.18310727701223,0,0,0,0
32.5,122.5,4.14757869918626,0,0,0,0
0,125,4.02871842971663,0,0,0,0
2.5,125,4.06673943329722,0,0,0,0
5,125,4.33746157029107,0,0,0,0
7.5,125,4.46054277556371,0,0,0,0
10,125,4.57686127908768,1,0,1,1
12.5,125,4.4475847006859,1,0,1,1
15,125,4.00074532155651,1,0,1,1
17.5,125,3.9830650237119,1,0,1,1
20,125,4.22679973625899,1,0,1,1
22.5,125,4.45182119474472,1,0,1,1
25,125,4.5065901791221,0,0,0,0
27.5,125,4.2513969722377,0,0,0,0
30,125,4.00224580160898,0,0,0,0
32.5,125,3.97545626245518,0,0,0,0
0,127.5,4.21849693805357,0,0,0,0
2.5,127.5,4.3321138159687,0,0,0,0
5,127.5,4.44101775593771,0,0,0,0
7.5,127.5,4.57097571255218,0,0,0,0
10,127.5,4.64569048585159,1,0,1,1
12.5,127.5,4.54034521645875,1,0,1,1
15,127.5,4.24470286557207,1,0,1,1
17.5,127.5,4.14865930648706,1,0,1,1
20,127.5,4.27657372703452,1,0,1,1
22.5,127.5,4.55577240525867,1,0,1,1
25,127.5,4.51826141256302,0,0,0,0
27.5,127.5,4.47662403712575,0,0,0,0
30,127.5,4.35563522110784,0,0,0,0
32.5,127.5,4.30242367264004,0,0,0,0
0,130,4.47271942925561,0,0,0,0
2.5,130,4.47934098150923,0,0,0,0
5,130,4.51582549857643,0,0,0,0
7.5,130,4.72161788730455,0,0,0,0
10,130,4.79156777418604,1,0,1,1
12.5,130,4.61788931065064,1,0,1,1
15,130,4.38788593681539,1,0,1,1
17.5,130,4.31340222858257,1,0,1,1
20,130,4.43470364677986,1,0,1,1
22.5,130,4.65688139729274,1,0,1,1
25,130,4.70136536381231,0,0,0,0
27.5,130,4.49726306257109,0,0,0,0
30,130,4.42240696917386,0,0,0,0
32.5,130,4.40579710881518,0,0,0,0
0,132.5,4.38066062220107,0,0,0,0
2.5,132.5,4.47293674107426,0,0,0,0
5,132.5,4.4713910237855,0,0,0,0
7.5,132.5,4.69818589082958,0,0,0,0
10,132.5,4.86924125354212,1,0,1,1
12.5,132.5,4.59753976903954,1,0,1,1
15,132.5,4.28907136951259,1,0,1,1
17.5,132.5,4.20324322078815,1,0,1,1
20,132.5,4.27462694317703,1,0,1,1
22.5,132.5,4.54701235234431,1,0,1,1
25,132.5,4.59707201122057,0,0,0,0
27.5,132.5,4.28107575856146,0,0,0,0
30,132.5,4.15479856489625,0,0,0,0
32.5,132.5,4.23503895462326,0,0,0,0
0,135,4.33043296334334,0,0,0,0
2.5,135,4.33494530115518,0,0,0,0
5,135,4.356337227243,0,0,0,0
7.5,135,4.57017919792371,0,0,0,0
10,135,4.62137329114998,1,0,1,1
12.5,135,4.4721338757244,1,0,1,1
15,135,4.18003018567574,1,0,1,1
17.5,135,4.10939081431855,1,0,1,1
20,135,4.16699681288513,1,0,1,1
22.5,135,4.47530100453466,1,0,1,1
25,135,4.55478507221865,0,0,0,0
27.5,135,4.3200016559358,0,0,0,0
30,135,4.24418607353698,0,0,0,0
32.5,135,4.19020389252557,0,0,0,0
0,137.5,4.13398881593858,0,0,0,0
2.5,137.5,4.27985809473415,0,0,0,0
5,137.5,4.20488315551599,0,0,0,0
7.5,137.5,4.43680980887905,0,0,0,0
10,137.5,4.50746274499245,1,0,1,1
12.5,137.5,4.37832227490322,1,0,1,1
15,137.5,4.08983860114454,1,0,1,1
17.5,137.5,3.97763111391477,1,0,1,1
20,137.5,4.13658367338752,1,0,1,1
22.5,137.5,4.39454636223473,1,0,1,1
25,137.5,4.49077602004186,0,0,0,0
27.5,137.5,4.36571093878746,0,0,0,0
30,137.5,4.18943664078831,0,0,0,0
32.5,137.5,4.19052893584556,0,0,0,0
0,140,4.08015619146228,0,0,0,0
2.5,140,4.20416406865833,0,0,0,0
5,140,4.17486651859421,0,0,0,0
7.5,140,4.43445972995216,0,0,0,0
10,140,4.5384168874625,1,0,1,1
12.5,140,4.37469616372156,1,0,1,1
15,140,4.06456742432239,1,0,1,1
17.5,140,4.04394003057784,1,0,1,1
20,140,4.15127121506854,1,0,1,1
22.5,140,4.47677614402119,1,0,1,1
25,140,4.54742791816948,0,0,0,0
27.5,140,4.46906537534492,0,0,0,0
30,140,4.32009593785092,0,0,0,0
32.5,140,4.26040862676046,0,0,0,0
0,142.5,4.19351129860364,0,0,0,0
2.5,142.5,4.29794370178439,0,0,0,0
5,142.5,4.40475524384832,0,0,0,0
7.5,142.5,4.6505576216388,0,0,0,0
10,142.5,4.69831348725454,1,0,1,1
12.5,142.5,4.59577485249542,1,0,1,1
15,142.5,4.32099885431642,1,0,1,1
17.5,142.5,4.29024030054026,1,0,1,1
20,142.5,4.365098483331,1,0,1,1
22.5,142.5,4.6469151111514,1,0,1,1
25,142.5,4.64890755253082,0,0,0,0
27.5,142.5,4.56110799421793,0,0,0,0
30,142.5,4.39154687517143,0,0,0,0
32.5,142.5,4.39666380750081,0,0,0,0
0,145,4.37881455582077,0,0,0,0
2.5,145,4.38132335211136,0,0,0,0
5,145,4.46490295895234,0,0,0,0
7.5,145,4.69010017072183,0,0,0,0
10,145,4.79756970715539,1,0,1,1
12.5,145,4.61268212895023,1,0,1,1
15,145,4.36808869288075,1,0,1,1
17.5,145,4.31337002816748,1,0,1,1
20,145,4.36246755377168,1,0,1,1
22.5,145,4.61331856495063,1,0,1,1
25,145,4.65005910744151,0,0,0,0
27.5,145,4.54582621248081,0,0,0,0
30,145,4.43520860277124,0,0,0,0
32.5,145,4.38271712726386,0,0,0,0
0,147.5,4.4208717859669,0,0,0,0
2.5,147.5,4.45189578999923,0,0,0,0
5,147.5,4.45134741024882,0,0,0,0
7.5,147.5,4.66194793648719,0,0,0,0
10,147.5,4.79544075957188,1,0,1,1
12.5,147.5,4.59088532150021,1,0,1,1
15,147.5,4.39585204908197,1,0,1,1
17.5,147.5,4.30679095847423,1,0,1,1
20,147.5,4.36896782432001,1,0,1,1
22.5,147.5,4.62527270185517,1,0,1,1
25,147.5,4.62449759499633,0,0,0,0
27.5,147.5,4.50438871181263,0,0,0,0
30,147.5,4.39187956488227,0,0,0,0
32.5,147.5,4.27060979139685,0,0,0,0
0,150,4.36082175877126,0,0,0,0
2.5,150,4.36771062427397,0,0,0,0
5,150,4.45036589988605,0,0,0,0
7.5,150,4.65515005202183,0,0,0,0
10,150,4.78789683970005,1,0,1,1
12.5,150,4.58500979122265,1,0,1,1
15,150,4.36001350409626,1,0,1,1
17.5,150,4.298444772495,1,0,1,1
20,150,4.40506999862236,1,0,1,1
22.5,150,4.6783642674337,1,0,1,1
25,150,4.70452635935904,0,0,0,0
27.5,150,4.5401248173314,0,0,0,0
30,150,4.37545255710015,0,0,0,0
32.5,150,4.30957033919449,0,0,0,0
0,152.5,4.44299541076855,0,0,0,0
2.5,152.5,4.38880577038147,0,0,0,0
5,152.5,4.51876183541316,0,0,0,0
7.5,152.5,4.69358835761461,0,0,0,0
10,152.5,4.8170522717597,1,0,1,1
12.5,152.5,4.606444105316,1,0,1,1
15,152.5,4.36801474248508,1,0,1,1
17.5,152.5,4.36916819830707,1,0,1,1
20,152.5,4.44527173571046,1,0,1,1
22.5,152.5,4.63598034286726,1,0,1,1
25,152.5,4.64553687785956,0,0,0,0
27.5,152.5,4.5419352703721,0,0,0,0
30,152.5,4.43782389140383,0,0,0,0
32.5,152.5,4.34202472045289,0,0,0,0
0,155,4.41915349922813,0,0,0,0
2.5,155,4.39367780453945,0,0,0,0
5,155,4.50998522304154,0,0,0,0
7.5,155,4.72285615868682,0,0,0,0
10,155,4.78417888155707,1,0,1,1
12.5,155,4.59697410726107,1,0,1,1
15,155,4.31681185105036,1,0,1,1
17.5,155,4.2487522497133,1,0,1,1
20,155,4.403253229779,1,0,1,1
22.5,155,4.64996767793445,1,0,1,1
25,155,4.68778623487435,0,0,0,0
27.5,155,4.54484480595822,0,0,0,0
30,155,4.39568070441257,0,0,0,0
32.5,155,4.40557510960086,0,0,0,0
0,157.5,4.3395429032079,0,0,0,0
2.5,157.5,4.39620797821385,0,0,0,0
5,157.5,4.47869877894674,0,0,0,0
7.5,157.5,4.69306571709146,0,0,0,0
10,157.5,4.76893101975502,1,0,1,1
12.5,157.5,4.56863453643474,1,0,1,1
15,157.5,4.3589749233259,1,0,1,1
17.5,157.5,4.26493383586092,1,0,1,1
20,157.5,4.35961170016016,1,0,1,1
22.5,157.5,4.57853482373465,1,0,1,1
25,157.5,4.65377985042939,0,0,0,0
27.5,157.5,4.46832594397046,0,0,0,0
30,157.5,4.40739912283308,0,0,0,0
32.5,157.5,4.36092109443666,0,0,0,0
0,160,4.31946443162898,0,0,0,1
2.5,160,4.40914844923531,0,0,0,1
5,160,4.48869407825267,0,0,0,1
7.5,160,4.73471003694302,0,0,0,1
10,160,4.83520801593773,1,0,1,0
12.5,160,4.59717797812476,1,0,1,0
15,160,4.36131648998557,1,0,1,0
17.5,160,4.27136394577157,1,0,1,0
20,160,4.41801145327498,1,0,1,0
22.5,160,4.63019696819607,1,0,1,0
25,160,4.6612022894874,0,0,0,1
27.5,160,4.52707585367758,0,0,0,1
30,160,4.37032667765524,0,0,0,1
32.5,160,4.29482784051522,0,0,0,1
0,162.5,4.38081357088863,0,0,0,1
2.5,162.5,4.4258035559394,0,0,0,1
5,162.5,4.43052762839991,0,0,0,1
7.5,162.5,4.74840466920926,0,0,0,1
10,162.5,4.80781157148843,1,0,1,0
12.5,162.5,4.6214545996995,1,0,1,0
15,162.5,4.34766351409786,1,0,1,0
17.5,162.5,4.30049365470304,1,0,1,0
20,162.5,4.3345662365821,1,0,1,0
22.5,162.5,4.59843674637167,1,0,1,0
25,162.5,4.59111205026356,0,0,0,1
27.5,162.5,4.38278277648237,0,0,0,1
30,162.5,4.27041766032368,0,0,0,1
32.5,162.5,4.23046675336998,0,0,0,1
0,165,4.2576048798856,0,0,0,1
2.5,165,4.35320102405437,0,0,0,1
5,165,4.2830330398253,0,0,0,1
7.5,165,4.56108690875284,0,0,0,1
10,165,4.66476446475418,1,0,1,0
12.5,165,4.40678777670512,1,0,1,0
15,165,4.14307918602732,1,0,1,0
17.5,165,4.04400027447113,1,0,1,0
20,165,4.14708549198992,1,0,1,0
22.5,165,4.41595015991999,1,0,1,0
25,165,4.52189564190064,0,0,0,1
27.5,165,4.31088301766291,0,0,0,1
30,165,4.23420059063085,0,0,0,1
32.5,165,4.19320935761718,0,0,0,1
0,167.5,4.04612921195943,0,0,0,1
2.5,167.5,4.18728775795029,0,0,0,1
5,167.5,4.18283300223764,0,0,0,1
7.5,167.5,4.44105303827557,0,0,0,1
10,167.5,4.5895519976934,1,0,1,0
12.5,167.5,4.39754931320545,1,0,1,0
15,167.5,4.10458550385732,1,0,1,0
17.5,167.5,3.96736191461345,1,0,1,0
20,167.5,4.22177861990763,1,0,1,0
22.5,167.5,4.3756074685907,1,0,1,0
25,167.5,4.53808942282327,0,0,0,1
27.5,167.5,4.37684542865769,0,0,0,1
30,167.5,4.19901416672154,0,0,0,1
32.5,167.5,4.24289929738113,0,0,0,1
0,170,3.97966802543764,0,0,0,1
2.5,170,4.18222929875889,0,0,0,1
5,170,4.20677338581983,0,0,0,1
7.5,170,4.4487129485069,0,0,0,1
10,170,4.57957192120226,1,0,1,0
12.5,170,4.45282703011103,1,0,1,0
15,170,4.21380305809923,1,0,1,0
17.5,170,4.0992601713103,1,0,1,0
20,170,4.26342155821851,1,0,1,0
22.5,170,4.50204289814834,1,0,1,0
25,170,4.62666714398791,0,0,0,1
27.5,170,4.47347041409264,0,0,0,1
30,170,4.36790478544479,0,0,0,1
32.5,170,4.32766533588285,0,0,0,1
0,172.5,4.27298836316942,0,0,0,1
2.5,172.5,4.3034101654995,0,0,0,1
5,172.5,4.4964698052644,0,0,0,1
7.5,172.5,4.65121160836193,0,0,0,1
10,172.5,4.71362503030659,1,0,1,0
12.5,172.5,4.63905375547092,1,0,1,0
15,172.5,4.44392318075806,1,0,1,0
17.5,172.5,4.33544683616168,1,0,1,0
20,172.5,4.42956058778546,1,0,1,0
22.5,172.5,4.63769418952841,1,0,1,0
25,172.5,4.65316421129672,0,0,0,1
27.5,172.5,4.50185175065746,0,0,0,1
30,172.5,4.46190722088094,0,0,0,1
32.5,172.5,4.42758584822561,0,0,0,1
0,175,4.33941304144097,0,0,0,1
2.5,175,4.37524509291895,0,0,0,1
5,175,4.481080979809,0,0,0,1
7.5,175,4.66629094893026,0,0,0,1
10,175,4.77810214200837,1,0,1,0
12.5,175,4.62505929933283,1,0,1,0
15,175,4.40138983091083,1,0,1,0
17.5,175,4.33077996097676,1,0,1,0
20,175,4.32612727191336,1,0,1,0
22.5,175,4.55892203430424,1,0,1,0
25,175,4.66111471388174,0,0,0,1
27.5,175,4.44194750241989,0,0,0,1
30,175,4.32875725951201,0,0,0,1
32.5,175,4.28237819547202,0,0,0,1
0,177.5,4.25859273376575,0,0,0,1
2.5,177.5,4.41481907838758,0,0,0,1
5,177.5,4.3354920540332,0,0,0,1
7.5,177.5,4.5375345388832,0,0,0,1
10,177.5,4.60355616016118,1,0,1,0
12.5,177.5,4.43864327678047,1,0,1,0
15,177.5,4.14879258352559,1,0,1,0
17.5,177.5,4.08516896272738,1,0,1,0
20,177.5,4.23036180914922,1,0,1,0
22.5,177.5,4.49457239128409,1,0,1,0
25,177.5,4.55377835306556,0,0,0,1
27.5,177.5,4.34611310719434,0,0,0,1
30,177.5,4.21352265915947,0,0,0,1
32.5,177.5,4.27239208436151,0,0,0,1
0,180,4.10392451173668,0,0,0,1
2.5,180,4.19891344777548,0,0,0,1
5,180,4.14632734886845,0,0,0,1
7.5,180,4.49375840616108,0,0,0,1
10,180,4.56339382087712,1,0,1,0
12.5,180,4.36995043263841,1,0,1,0
15,180,4.15603532196337,1,0,1,0
17.5,180,4.02736976018292,1,0,1,0
20,180,4.14875492809374,1,0,1,0
22.5,180,4.44255258014793,1,0,1,0
25,180,4.5475634707544,0,0,0,1
27.5,180,4.33804133049628,0,0,0,1
30,180,4.18288709812144,0,0,0,1
32.5,180,4.14462984131052,0,0,0,1
0,182.5,3.95700389565562,0,0,0,1
2.5,182.5,4.19669681199824,0,0,0,1
5,182.5,4.16078958849792,0,0,0,1
7.5,182.5,4.37335114291209,0,0,0,1
10,182.5,4.49144454712327,1,0,1,0
12.5,182.5,4.34748295280975,1,0,1,0
15,182.5,4.19208543412231,1,0,1,0
17.5,182.5,4.08174311642724,1,0,1,0
20,182.5,4.20996967879193,1,0,1,0
22.5,182.5,4.43341106814233,1,0,1,0
25,182.5,4.46555251427602,0,0,0,1
27.5,182.5,4.36497607388963,0,0,0,1
30,182.5,4.25869347809505,0,0,0,1
32.5,182.5,4.25558828370289,0,0,0,1
0,185,4.04514821256292,0,0,0,1
2.5,185,4.10126774592266,0,0,0,1
5,185,4.25081777269553,0,0,0,1
7.5,185,4.4178545717295,0,0,0,1
10,185,4.60958277205681,1,0,1,0
12.5,185,4.3851884693791,1,0,1,0
15,185,4.20622779717478,1,0,1,0
17.5,185,4.10887571357036,1,0,1,0
20,185,4.24336741890157,1,0,1,0
22.5,185,4.46473505217364,1,0,1,0
25,185,4.51415807651022,0,0,0,1
27.5,185,4.40834590474773,0,0,0,1
30,185,4.25290955382948,0,0,0,1
32.5,185,4.19637061490487,0,0,0,1
0,187.5,4.44021180713109,0,0,0,1
2.5,187.5,4.32752975888501,0,0,0,1
5,187.5,4.49389761025339,0,0,0,1
7.5,187.5,4.65945286847514,0,0,0,1
10,187.5,4.82161283854692,1,0,1,0
12.5,187.5,4.66781310460267,1,0,1,0
15,187.5,4.38010790843355,1,0,1,0
17.5,187.5,4.36081529051706,1,0,1,0
20,187.5,4.42193984968155,1,0,1,0
22.5,187.5,4.6925153299318,1,0,1,0
25,187.5,4.63991913721726,0,0,0,1
27.5,187.5,4.573920352705,0,0,0,1
30,187.5,4.4087017473399,0,0,0,1
32.5,187.5,4.43892059327021,0,0,0,1
0,190,4.36875000487769,0,0,0,1
2.5,190,4.31480039366137,0,0,0,1
5,190,4.4387070531736,0,0,0,1
7.5,190,4.66044303852471,0,0,0,1
10,190,4.71657327422776,1,0,1,0
12.5,190,4.62892405847983,1,0,1,0
15,190,4.39448947292609,1,0,1,0
17.5,190,4.36591414065414,1,0,1,0
20,190,4.39431409632725,1,0,1,0
22.5,190,4.6250805297062,1,0,1,0
25,190,4.70703536361912,0,0,0,1
27.5,190,4.58274293097547,0,0,0,1
30,190,4.43785109667182,0,0,0,1
32.5,190,4.38932163291139,0,0,0,1
0,192.5,4.37099631617784,0,0,0,1
2.5,192.5,4.30572746948342,0,0,0,1
5,192.5,4.55147577751549,0,0,0,1
7.5,192.5,4.71929329680884,0,0,0,1
10,192.5,4.77770474282588,1,0,1,0
12.5,192.5,4.61963670793826,1,0,1,0
15,192.5,4.38253631452137,1,0,1,0
17.5,192.5,4.26987147313119,1,0,1,0
20,192.5,4.3578730526031,1,0,1,0
22.5,192.5,4.64371816875143,1,0,1,0
25,192.5,4.73487607721996,0,0,0,1
27.5,192.5,4.58251055860434,0,0,0,1
30,192.5,4.41356509276644,0,0,0,1
32.5,192.5,4.39358045828732,0,0,0,1
0,195,4.33975375784984,0,0,0,1
2.5,195,4.33769313390764,0,0,0,1
5,195,4.47572408394949,0,0,0,1
7.5,195,4.66686854374147,0,0,0,1
10,195,4.82020848022934,1,0,1,0
12.5,195,4.63650118498353,1,0,1,0
15,195,4.39456228270041,1,0,1,0
17.5,195,4.31331607162926,1,0,1,0
20,195,4.41197883029178,1,0,1,0
22.5,195,4.63764363458012,1,0,1,0
25,195,4.71001507444467,0,0,0,1
27.5,195,4.59368777152522,0,0,0,1
30,195,4.43085078550353,0,0,0,1
32.5,195,4.36896693127347,0,0,0,1
0,197.5,4.37379064496683,0,0,0,1
2.5,197.5,4.39135162489664,0,0,0,1
5,197.5,4.45345387871467,0,0,0,1
7.5,197.5,4.67306883096991,0,0,0,1
10,197.5,4.8486009926757,1,0,1,0
12.5,197.5,4.63522210801631,1,0,1,0
15,197.5,4.36751706255297,1,0,1,0
17.5,197.5,4.38512215142303,1,0,1,0
20,197.5,4.42286169128078,1,0,1,0
22.5,197.5,4.72136854277847,1,0,1,0
25,197.5,4.68709626475574,0,0,0,1
27.5,197.5,4.59172488476654,0,0,0,1
30,197.5,4.37560198063985,0,0,0,1
32.5,197.5,4.30562825624851,0,0,0,1
0,200,4.36174756989935,0,0,0,0
2.5,200,4.44523083459499,0,0,0,0
5,200,4.49159980545194,0,0,0,0
7.5,200,4.71841023208665,0,0,0,0
10,200,4.76626943015637,1,0,1,1
12.5,200,4.6542613585391,1,0,1,1
15,200,4.34852507729484,1,0,1,1
17.5,200,4.30992994300581,1,0,1,1
20,200,4.38996057406842,1,0,1,1
22.5,200,4.68130384261674,1,0,1,1
25,200,4.75689495363015,0,0,0,0
27.5,200,4.54795796399725,0,0,0,0
30,200,4.3849169573217,0,0,0,0
32.5,200,4.35677898008978,0,0,0,0
0,202.5,4.38199010355496,0,0,0,0
2.5,202.5,4.38040688426646,0,0,0,0
5,202.5,4.5270720975401,0,0,0,0
7.5,202.5,4.67511750484456,0,0,0,0
10,202.5,4.78746679675463,1,0,1,1
12.5,202.5,4.63438373416662,1,0,1,1
15,202.5,4.36772270754476,1,0,1,1
17.5,202.5,4.37089291275272,1,0,1,1
20,202.5,4.35323374509492,1,0,1,1
22.5,202.5,4.70526337777829,1,0,1,1
25,202.5,4.71632344329315,0,0,0,0
27.5,202.5,4.50325029494477,0,0,0,0
30,202.5,4.39751658951878,0,0,0,0
32.5,202.5,4.32459791171846,0,0,0,0
0,205,4.41631045949231,0,0,0,0
2.5,205,4.39052596935934,0,0,0,0
5,205,4.51999198594536,0,0,0,0
7.5,205,4.64253215039724,0,0,0,0
10,205,4.71588278893971,1,0,1,1
12.5,205,4.63476429023151,1,0,1,1
15,205,4.34623510885459,1,0,1,1
17.5,205,4.28087647978805,1,0,1,1
20,205,4.26600112771028,1,0,1,1
22.5,205,4.6287833682981,1,0,1,1
25,205,4.70663986086455,0,0,0,0
27.5,205,4.4220423186573,0,0,0,0
30,205,4.33832389077942,0,0,0,0
32.5,205,4.32949247989053,0,0,0,0
0,207.5,4.23673541553374,0,0,0,0
2.5,207.5,4.37423974975748,0,0,0,0
5,207.5,4.27197551697854,0,0,0,0
7.5,207.5,4.48508956439939,0,0,0,0
10,207.5,4.59291618777973,1,0,1,1
12.5,207.5,4.42348211003628,1,0,1,1
15,207.5,4.22361098118081,1,0,1,1
17.5,207.5,4.15088983193589,1,0,1,1
20,207.5,4.21962028622741,1,0,1,1
22.5,207.5,4.45620586679915,1,0,1,1
25,207.5,4.5581083857037,0,0,0,0
27.5,207.5,4.30372986212035,0,0,0,0
30,207.5,4.29625246289995,0,0,0,0
32.5,207.5,4.25582307568899,0,0,0,0
0,210,4.15521717218621,0,0,0,0
2.5,210,4.25350730721419,0,0,0,0
5,210,4.22636542237687,0,0,0,0
7.5,210,4.45939818641374,0,0,0,0
10,210,4.55718623871781,1,0,1,1
12.5,210,4.486563427316,1,0,1,1
15,210,4.29161300454266,1,0,1,1
17.5,210,4.09054318049466,1,0,1,1
20,210,4.25678944830867,1,0,1,1
22.5,210,4.51564152809134,1,0,1,1
25,210,4.54454011922035,0,0,0,0
27.5,210,4.40790853746491,0,0,0,0
30,210,4.26402298018396,0,0,0,0
32.5,210,4.19298617715448,0,0,0,0
0,212.5,4.23215525101171,0,0,0,0
2.5,212.5,4.33668207022721,0,0,0,0
5,212.5,4.42208907818012,0,0,0,0
7.5,212.5,4.54008834982498,0,0,0,0
10,212.5,4.69312564424163,1,0,1,1
12.5,212.5,4.57772541858152,1,0,1,1
15,212.5,4.38380776260414,1,0,1,1
17.5,212.5,4.25960322083837,1,0,1,1
20,212.5,4.41173293750043,1,0,1,1
22.5,212.5,4.71156034823838,1,0,1,1
25,212.5,4.66204151986812,0,0,0,0
27.5,212.5,4.55536135530976,0,0,0,0
30,212.5,4.36566297211234,0,0,0,0
32.5,212.5,4.34891741593721,0,0,0,0
0,215,4.1584996735542,0,0,0,0
2.5,215,4.08243865222486,0,0,0,0
5,215,4.31721956000197,0,0,0,0
7.5,215,4.37744194287051,0,0,0,0
10,215,4.49458922924716,1,0,1,1
12.5,215,4.45559673527545,1,0,1,1
15,215,4.18771266823038,1,0,1,1
17.5,215,4.16116288047578,1,0,1,1
20,215,4.28636249812537,1,0,1,1
22.5,215,4.49018869453062,1,0,1,1
25,215,4.46511408819349,0,0,0,0
27.5,215,4.3443498775697,0,0,0,0
30,215,4.16783206187138,0,0,0,0
32.5,215,4.04679200273023,0,0,0,0
0,217.5,4.32123378061901,0,0,0,0
2.5,217.5,4.34100024177055,0,0,0,0
5,217.5,4.48394762316496,0,0,0,0
7.5,217.5,4.50885987848039,0,0,0,0
10,217.5,4.59593600779991,1,0,1,1
12.5,217.5,4.54574262042187,1,0,1,1
15,217.5,4.4035130526551,1,0,1,1
17.5,217.5,4.24050017447899,1,0,1,1
20,217.5,4.30393665457076,1,0,1,1
22.5,217.5,4.52749294956308,1,0,1,1
25,217.5,4.5671113358898,0,0,0,0
27.5,217.5,4.41908077727557,0,0,0,0
30,217.5,4.30582102898574,0,0,0,0
32.5,217.5,4.19566195595485,0,0,0,0
0,220,4.34532444080574,0,0,0,0
2.5,220,4.35100209112298,0,0,0,0
5,220,4.40880074078846,0,0,0,0
7.5,220,4.58684937770586,0,0,0,0
10,220,4.62429770115729,1,0,1,1
12.5,220,4.54007054730445,1,0,1,1
15,220,4.25813067234474,1,0,1,1
17.5,220,4.31357266841028,1,0,1,1
20,220,4.26390119782755,1,0,1,1
22.5,220,4.45535948772942,1,0,1,1
25,220,4.55945488947816,0,0,0,0
27.5,220,4.35997880447252,0,0,0,0
30,220,4.22792442459871,0,0,0,0
32.5,220,4.16446928043007,0,0,0,0
0,222.5,4.18974616067975,0,0,0,0
2.5,222.5,4.26308457996691,0,0,0,0
5,222.5,4.34175745351435,0,0,0,0
7.5,222.5,4.47845466674062,0,0,0,0
10,222.5,4.5504498336281,1,0,1,1
12.5,222.5,4.45858208028432,1,0,1,1
15,222.5,4.20289085869763,1,0,1,1
17.5,222.5,4.14448261020674,1,0,1,1
20,222.5,4.15550555616266,1,0,1,1
22.5,222.5,4.4216377943417,1,0,1,1
25,222.5,4.49013238316106,0,0,0,0
27.5,222.5,4.27003287609446,0,0,0,0
30,222.5,4.2058928761692,0,0,0,0
32.5,222.5,4.13891547758418,0,0,0,0
0,225,4.11057846616863,0,0,0,0
2.5,225,4.1400829047925,0,0,0,0
5,225,4.16354579840694,0,0,0,0
7.5,225,4.45127699337731,0,0,0,0
10,225,4.5463458687974,1,0,1,1
12.5,225,4.48331566767307,1,0,1,1
15,225,4.1280650914998,1,0,1,1
17.5,225,4.011772849685,1,0,1,1
20,225,4.31891061909683,1,0,1,1
22.5,225,4.53824574624769,1,0,1,1
25,225,4.62520846779955,0,0,0,0
27.5,225,4.50851345996536,0,0,0,0
30,225,4.26691218397226,0,0,0,0
32.5,225,4.26444009736079,0,0,0,0
0,227.5,4.06135671120886,0,0,0,0
2.5,227.5,4.00688036196122,0,0,0,0
5,227.5,4.27025901287035,0,0,0,0
7.5,227.5,4.51495693089707,0,0,0,0
10,227.5,4.64825676441049,1,0,1,1
12.5,227.5,4.58639543879903,1,0,1,1
15,227.5,4.28200460846988,1,0,1,1
17.5,227.5,4.1312717957059,1,0,1,1
20,227.5,4.1945805292097,1,0,1,1
22.5,227.5,4.54471448254613,1,0,1,1
25,227.5,4.63402220859872,0,0,0,0
27.5,227.5,4.55308373817351,0,0,0,0
30,227.5,4.3764622817692,0,0,0,0
32.5,227.5,4.30965557730898,0,0,0,0
0,230,4.26174606339872,0,0,0,0
2.5,230,4.22648845267647,0,0,0,0
5,230,4.39240377180361,0,0,0,0
7.5,230,4.64038804303539,0,0,0,0
10,230,4.72877329158262,1,0,1,1
12.5,230,4.64175643407544,1,0,1,1
15,230,4.47682925720453,1,0,1,1
17.5,230,4.42258697446301,1,0,1,1
20,230,4.40225735593461,1,0,1,1
22.5,230,4.71168394652693,1,0,1,1
25,230,4.69566413199286,0,0,0,0
27.5,230,4.56040369362079,0,0,0,0
30,230,4.32302488191469,0,0,0,0
32.5,230,4.21381430731533,0,0,0,0
0,232.5,4.50850719740815,0,0,0,0
2.5,232.5,4.48765300939913,0,0,0,0
5,232.5,4.50612551340821,0,0,0,0
7.5,232.5,4.56889359887176,0,0,0,0
10,232.5,4.70737547333644,1,0,1,1
12.5,232.5,4.6744883246519,1,0,1,1
15,232.5,4.60813805907327,1,0,1,1
17.5,232.5,4.58706009364708,1,0,1,1
20,232.5,4.6244190197541,1,0,1,1
22.5,232.5,4.78942594000528,1,0,1,1
25,232.5,4.67893924168578,0,0,0,0
27.5,232.5,4.57326196886965,0,0,0,0
30,232.5,4.32898698060106,0,0,0,0
32.5,232.5,4.19419355714707,0,0,0,0
0,235,4.43912216689024,0,0,0,0
2.5,235,4.42690359289014,0,0,0,0
5,235,4.39631292553511,0,0,0,0
7.5,235,4.4598293363521,0,0,0,0
10,235,4.64624275955963,1,0,1,1
12.5,235,4.62307919855871,1,0,1,1
15,235,4.53810915622813,1,0,1,1
17.5,235,4.54906504140068,1,0,1,1
20,235,4.58807279849537,1,0,1,1
22.5,235,4.63820096668219,1,0,1,1
25,235,4.54918436432807,0,0,0,0
27.5,235,4.51934192547868,0,0,0,0
30,235,4.20228358287629,0,0,0,0
32.5,235,3.96115090237663,0,0,0,0
0,237.5,4.40106946688734,0,0,0,0
2.5,237.5,4.30572258137982,0,0,0,0
5,237.5,4.42414472492276,0,0,0,0
7.5,237.5,4.33852704558931,0,0,0,0
10,237.5,4.57129853772038,1,0,1,1
12.5,237.5,4.55677501815025,1,0,1,1
15,237.5,4.33794610914929,1,0,1,1
17.5,237.5,4.42596783071185,1,0,1,1
20,237.5,4.44656522248486,1,0,1,1
22.5,237.5,4.50100635864872,1,0,1,1
25,237.5,4.37469424497515,0,0,0,0
27.5,237.5,4.33540389631036,0,0,0,0
30,237.5,4.02761921482824,0,0,0,0
32.5,237.5,3.88805996907663,0,0,0,0
